review_text,sentiment
"The hands-on labs were incredibly well structured and helped me understand neural networks from scratch",1
"I struggled with the pace of the course and felt left behind after the second week",0
"The instructor explained backpropagation so clearly that even complex math felt approachable",1
"Curriculum felt outdated compared to what the industry actually uses today",0
"Building a real project from day one gave me confidence I never had with online tutorials",1
"The support resources were minimal and questions in the forum went unanswered for days",0
"I landed my first ML engineer interview directly because of the portfolio project from this course",1
"Too much theory and not enough coding practice made the learning experience dry",0
"The way TF-IDF was taught with real examples clicked instantly for me",1
"Group projects were poorly organized and deadlines kept shifting without notice",0
"Every concept was tied to a practical use case which made retention so much better",1
"The prerequisites listed were misleading and I needed way more Python knowledge than stated",0
"Guest lectures from industry professionals added incredible real-world perspective",1
"Video quality was poor and audio kept cutting out during the recorded lectures",0
"The capstone project alone was worth the entire tuition fee for my career growth",1
"Grading rubrics were vague and inconsistent between different teaching assistants",0
"I appreciated how the instructor acknowledged when a topic was difficult and slowed down",1
"The course tried to cover too many topics superficially instead of going deep on fewer ones",0
"Lab environments were pre-configured which saved hours of setup frustration",1
"Peer review sessions were unstructured and feedback quality was extremely uneven",0
"The progression from basic Python to deploying ML models felt natural and well-paced",1
"Office hours were at inconvenient times and rarely addressed individual student concerns",0
"Real datasets used in assignments made the work feel meaningful not just academic",1
"The final exam tested memorization rather than actual understanding of ML concepts",0
"Weekly coding challenges pushed me to think creatively about problem solving",1
"The chatbot project had too many bugs in the starter code and wasted our time debugging",0
"I went from zero ML knowledge to building sentiment classifiers in just eight weeks",1
"Lack of GPU access for deep learning assignments was a serious bottleneck",0
"The instructor's enthusiasm for NLP was contagious and kept me motivated throughout",1
"Course materials were just slides with no accompanying notes or reference documentation",0
"Pair programming sessions with classmates were the highlight of my learning experience",1
"The career services component was basically just a list of job boards with no real guidance",0
"Learning scikit-learn pipelines changed how I think about production ML code entirely",1
"Half the class dropped out because the difficulty spike in week four was too extreme",0
"The Streamlit deployment module was practical and immediately applicable to my work",1
"Instructor cancelled multiple sessions without notice or providing alternative materials",0
"I finally understand why feature engineering matters more than model selection for most tasks",1
"The course Slack channel was dead and the community aspect was completely nonexistent",0
"Hands-on EDA exercises with pandas gave me skills I use daily in my current data role",1
"Assignment deadlines were unreasonably tight for working professionals taking this part-time",0
"The step-by-step approach to building NLP pipelines eliminated my fear of text processing",1
"Jupyter notebooks provided were full of deprecated function calls and broken imports",0
"Cross-validation was taught with such clarity that I corrected my senior colleague at work",1
"The course Discord was toxic and instructors did nothing to moderate the environment",0
"Building a resume classifier as a project gave me something genuinely impressive for interviews",1
"Lecture recordings were not available which punished anyone who missed a single session",0
"The way logistic regression was connected to neural networks was a genuine aha moment",1
"No feedback was ever provided on submitted assignments so I never knew where I went wrong",0
"The instructor's industry anecdotes about ML deployment failures were both funny and educational",1
"Course content was basically a copy of free YouTube tutorials with nothing original added",0
"I can now read ML research papers and actually understand the methodology sections",1
"The promised mentorship program never materialized despite being a key selling point",0
"Portfolio reviews at the end helped me present my work professionally on LinkedIn",1
"Technical difficulties with the online platform disrupted almost every live session",0
"The confusion matrix visualization exercise made evaluation metrics finally click for me",1
"Instructors seemed unprepared and were often reading directly from slides during lectures",0
"Learning to serialize models with joblib was a small but game-changing production skill",1
"The course certificate has no industry recognition and was essentially worthless for my resume",0
"Seeing my sentiment classifier actually work on real reviews was incredibly satisfying",1
"Prerequisites said beginner friendly but the math requirements were clearly intermediate level",0
"The teaching assistant was more helpful than the main instructor and deserves a raise",1
"Group project team assignments were random and resulted in massive skill imbalances",0
"I appreciate that every module ended with a deployable artifact I could show employers",1
"The refund policy was predatory and they refused to accommodate legitimate concerns",0
"TF-IDF vectorization went from mysterious acronym to intuitive concept in one lecture",1
"The pacing assumed everyone had eight hours per week to dedicate which was unrealistic",0
"The comparison between stemming and lemmatization was the clearest explanation I have found anywhere",1
"Course forum moderation was nonexistent and spam posts outnumbered real discussions",0
"I now have three production ML models running because of skills learned in this course",1
"The advertised job placement rate was clearly inflated and did not match student outcomes",0
"Weekly quizzes kept me accountable and helped identify gaps in my understanding early",1
"The mobile experience for accessing course materials was completely broken and unusable",0
"My manager specifically praised the data preprocessing skills I developed during this program",1
"Promised one-on-one mentoring sessions were replaced with generic group Q&A calls",0
"The natural language processing module was a masterclass in building from fundamentals",1
"Version control was never properly taught despite being essential for collaborative ML work",0
"I built genuine friendships with classmates who are now my professional AI network",1
"The recommended textbooks were expensive and barely referenced during the actual course",0
"Tokenization and stopword removal exercises were perfectly scaffolded for beginners",1
"The grading system was opaque and multiple students received inconsistent scores for similar work",0
"The way the course connected traditional ML to modern deep learning gave me a complete mental model",1
"Internet connectivity requirements for labs were not disclosed and excluded rural students",0
"I went from fearing regex to confidently writing text cleaning patterns in production code",1
"Instructor favoritism was obvious and certain students received preferential treatment in grading",0
"The end-to-end pipeline approach taught me to think about ML as a system not just algorithms",1
"Lab sessions were overcrowded and there was never enough time to complete exercises",0
"Every assignment had a clear rubric and expected output which reduced ambiguity significantly",1
"The curriculum has not been updated in over two years despite rapid changes in the AI field",0
"Streamlit made deployment accessible and I now prototype ML apps for my team regularly",1
"Communication from the administration about schedule changes was consistently terrible",0
"The instructor balanced mathematical rigor with practical intuition better than any textbook",1
"Student feedback surveys were collected but clearly never acted upon between cohorts",0
"Learning to interpret logistic regression coefficients gave me explainability skills employers value",1
"The course website was slow and frequently crashed during peak usage hours before deadlines",0
"Practical debugging sessions where we fixed broken ML code were uniquely valuable",1
"The certificate program costs twice as much as comparable offerings with less content",0
"I now understand why preprocessing is eighty percent of every real ML project",1
"Returning students got no discount and the loyalty pricing promise was quietly removed",0
"The comparison of NLTK versus spaCy helped me make informed tooling decisions at work",1
"Assignment extensions were granted inconsistently and the process lacked transparency",0
"After this course I automated a manual review process at work saving my team ten hours weekly",1
"The advanced topics module was rushed and should have been its own separate course",0
"Building the sentiment analysis project end to end was the most rewarding educational experience I have had",1
"Technical support response times averaged three days which is unacceptable during live assignments",0
"The instructor genuinely cared about each student understanding the material not just passing",1
"Plagiarism detection flagged legitimate collaboration and the appeals process was kafkaesque",0
"I can confidently say this course transformed my career trajectory in machine learning",1
"The promise of industry partnerships for internships was completely hollow and misleading",0
"Confusion matrix heatmaps in seaborn became my go-to visualization for model evaluation reports",1
"The cohort model meant falling behind once made it nearly impossible to catch up",0
"My technical interview performance improved dramatically after the applied ML modules",1
"Course material licensing restrictions prevented me from referencing my own work in my portfolio",0
"The focus on reproducibility with random seeds and pipeline objects was a production best practice I now use daily",1
"Final project presentations were scheduled during work hours with no alternative time offered",0
"This program gave me both the skills and the confidence to transition into an NLP engineering role",1
"The lack of prerequisite enforcement meant some students dominated discussions while others struggled silently",0
"The instructor showed us exactly how to present ML projects on LinkedIn which boosted my visibility significantly",1
"Billing errors took months to resolve and customer support was dismissive and unhelpful",0
